INSERT INTO tag (id, name) VALUES ('1', 'Qui');
INSERT INTO tag (id, name) VALUES ('2', 'Sed');
INSERT INTO tag (id, name) VALUES ('3', 'Amet_eos');
INSERT INTO tag (id, name) VALUES ('4', 'Ut');
INSERT INTO tag (id, name) VALUES ('5', 'Rem');
INSERT INTO tag (id, name) VALUES ('6', 'Eum');
INSERT INTO tag (id, name) VALUES ('7', 'Corrupti');
INSERT INTO tag (id, name) VALUES ('8', 'Aut');
INSERT INTO tag (id, name) VALUES ('9', 'Porro_facere');
INSERT INTO tag (id, name) VALUES ('10', 'Qui_est');
INSERT INTO tag (id, name) VALUES ('11', 'Eum_incidunt');
INSERT INTO tag (id, name) VALUES ('12', 'Sit');
INSERT INTO tag (id, name) VALUES ('13', 'Et_non');
INSERT INTO tag (id, name) VALUES ('14', 'Maxime');
INSERT INTO tag (id, name) VALUES ('15', 'Optio_et');
INSERT INTO tag (id, name) VALUES ('16', 'Repudiandae');
INSERT INTO tag (id, name) VALUES ('17', 'Ex');
INSERT INTO tag (id, name) VALUES ('18', 'Itaque');
INSERT INTO tag (id, name) VALUES ('19', 'Eum_tempore');
INSERT INTO tag (id, name) VALUES ('20', 'Nulla_quas');

INSERT INTO user_account (id, active) VALUES ('1', true);
INSERT INTO user_account (id, active) VALUES ('2', true);
INSERT INTO user_account (id, active) VALUES ('3', true);
INSERT INTO user_account (id, active) VALUES ('4', true);
INSERT INTO user_account (id, active) VALUES ('5', true);
INSERT INTO user_account (id, active) VALUES ('6', true);
INSERT INTO user_account (id, active) VALUES ('7', true);
INSERT INTO user_account (id, active) VALUES ('8', true);
INSERT INTO user_account (id, active) VALUES ('9', true);
INSERT INTO user_account (id, active) VALUES ('10', true);

INSERT INTO local_account (id, login, password) VALUES ('1', 'vtrlrg', 'nfcnuagz');
INSERT INTO local_account (id, login, password) VALUES ('2', 'ajayll', 'kgovwgsh');
INSERT INTO local_account (id, login, password) VALUES ('3', 'anukeq', 'iphxdjik');
INSERT INTO local_account (id, login, password) VALUES ('4', 'esyxqq', 'egsbbfof');
INSERT INTO local_account (id, login, password) VALUES ('5', 'zgrxnl', 'mjwhehvm');
INSERT INTO local_account (id, login, password) VALUES ('6', 'hlkkzh', 'yhbzvypq');
INSERT INTO local_account (id, login, password) VALUES ('7', 'jvrihe', 'opquwrry');
INSERT INTO local_account (id, login, password) VALUES ('8', 'qsfufw', 'hhuclamv');
INSERT INTO local_account (id, login, password) VALUES ('9', 'etbnxv', 'gfjdjyrj');
INSERT INTO local_account (id, login, password) VALUES ('10', 'lioxdk', 'nsrxoodf');

INSERT INTO registration_type (user_id, registration) VALUES ('1', 'LOCAL');
INSERT INTO registration_type (user_id, registration) VALUES ('2', 'LOCAL');
INSERT INTO registration_type (user_id, registration) VALUES ('3', 'LOCAL');
INSERT INTO registration_type (user_id, registration) VALUES ('4', 'LOCAL');
INSERT INTO registration_type (user_id, registration) VALUES ('5', 'LOCAL');
INSERT INTO registration_type (user_id, registration) VALUES ('6', 'LOCAL');
INSERT INTO registration_type (user_id, registration) VALUES ('7', 'LOCAL');
INSERT INTO registration_type (user_id, registration) VALUES ('8', 'LOCAL');
INSERT INTO registration_type (user_id, registration) VALUES ('9', 'LOCAL');
INSERT INTO registration_type (user_id, registration) VALUES ('10', 'LOCAL');

INSERT INTO user_role (user_id, role) VALUES ('1', 'USER');
INSERT INTO user_role (user_id, role) VALUES ('2', 'USER');
INSERT INTO user_role (user_id, role) VALUES ('3', 'USER');
INSERT INTO user_role (user_id, role) VALUES ('4', 'USER');
INSERT INTO user_role (user_id, role) VALUES ('5', 'USER');
INSERT INTO user_role (user_id, role) VALUES ('6', 'USER');
INSERT INTO user_role (user_id, role) VALUES ('7', 'USER');
INSERT INTO user_role (user_id, role) VALUES ('8', 'USER');
INSERT INTO user_role (user_id, role) VALUES ('9', 'USER');
INSERT INTO user_role (user_id, role) VALUES ('10', 'USER');

INSERT INTO user_order (id, cost, date, user_account_id) VALUES ('1', '0.00', '1985-10-04 23:42:59', '1');
INSERT INTO user_order (id, cost, date, user_account_id) VALUES ('2', '0.00', '2014-09-06 17:46:53', '1');
INSERT INTO user_order (id, cost, date, user_account_id) VALUES ('3', '0.00', '1999-05-19 15:46:24', '3');
INSERT INTO user_order (id, cost, date, user_account_id) VALUES ('4', '0.00', '1990-11-21 04:18:24', '5');
INSERT INTO user_order (id, cost, date, user_account_id) VALUES ('5', '0.00', '2004-02-12 17:06:39', '5');
INSERT INTO user_order (id, cost, date, user_account_id) VALUES ('6', '0.00', '1986-08-09 07:40:55', '5');
INSERT INTO user_order (id, cost, date, user_account_id) VALUES ('7', '0.00', '1990-09-24 08:45:38', '8');
INSERT INTO user_order (id, cost, date, user_account_id) VALUES ('8', '0.00', '1982-08-28 16:21:40', '9');
INSERT INTO user_order (id, cost, date, user_account_id) VALUES ('9', '0.00', '1998-01-23 11:19:18', '10');
INSERT INTO user_order (id, cost, date, user_account_id) VALUES ('10', '0.00', '2008-05-01 18:14:50', '10');
INSERT INTO user_order (id, cost, date, user_account_id) VALUES ('11', '0.00', '2001-04-04 14:39:10', '4');
INSERT INTO user_order (id, cost, date, user_account_id) VALUES ('12', '0.00', '2001-11-05 21:38:08', '4');
INSERT INTO user_order (id, cost, date, user_account_id) VALUES ('13', '0.00', '1982-09-21 11:16:31', '4');
INSERT INTO user_order (id, cost, date, user_account_id) VALUES ('14', '0.00', '2006-04-24 01:34:16', '4');
INSERT INTO user_order (id, cost, date, user_account_id) VALUES ('15', '0.00', '1999-01-03 18:11:51', '6');
INSERT INTO user_order (id, cost, date, user_account_id) VALUES ('16', '0.00', '2004-08-05 01:06:04', '6');
INSERT INTO user_order (id, cost, date, user_account_id) VALUES ('17', '0.00', '2013-04-06 01:30:16', '6');
INSERT INTO user_order (id, cost, date, user_account_id) VALUES ('18', '0.00', '2014-10-20 15:46:30', '8');
INSERT INTO user_order (id, cost, date, user_account_id) VALUES ('19', '0.00', '1997-12-07 16:22:40', '9');
INSERT INTO user_order (id, cost, date, user_account_id) VALUES ('20', '0.00', '1983-08-29 12:53:42', '9');

INSERT INTO gift_certificate (id, name, description, price, create_date, last_update_date, duration) VALUES ('1', 'Dolorum nostrum ut et aut aut molestiae dolorem omnis.', 'Laudantium est nostrum quo quia qui. Reiciendis aut veniam quo ducimus. A incidunt ab ex omnis molestias debitis. Magnam autem eveniet quisquam doloremque tempore.', '416.00', '1972-11-13 06:42:41', '2005-09-19 07:32:42', 617);
INSERT INTO gift_certificate (id, name, description, price, create_date, last_update_date, duration) VALUES ('2', 'Molestiae nobis libero labore nesciunt voluptas.', 'Ut ex et et id et veritatis quis distinctio. Est voluptatem quia nostrum exercitationem. Ex quia sed architecto voluptatibus dolorum.', '540.20', '2010-10-27 22:29:13', '2001-03-08 05:45:43', 139);
INSERT INTO gift_certificate (id, name, description, price, create_date, last_update_date, duration) VALUES ('3', 'Ut ad tempora tempore voluptatem.', 'Voluptas necessitatibus quis officia fugit omnis. Nostrum qui omnis minus illum. Nesciunt qui sint non dolore. Et facere et error est aliquid molestiae.', '622.87', '2002-04-29 11:50:27', '1976-12-29 10:15:32', 112);
INSERT INTO gift_certificate (id, name, description, price, create_date, last_update_date, duration) VALUES ('4', 'Sequi consequatur voluptates ad voluptas magni ea et.', 'Aut tempora debitis dolor qui ex ut. Consectetur sunt sequi distinctio nam rerum. Sed facere ut consequuntur at ullam minus sed.', '450.20', '1986-03-20 18:01:22', '1978-06-17 18:15:41', 615);
INSERT INTO gift_certificate (id, name, description, price, create_date, last_update_date, duration) VALUES ('5', 'Facere sint quia in quam consequatur.', 'Dolorem sunt libero repellendus et. Fugiat fugit velit dolorem aperiam est. Soluta dicta magni facere vitae asperiores illum corporis. Consequatur perferendis illo quibusdam accusantium.', '988.72', '1991-07-14 07:30:30', '1973-04-13 09:03:36', 178);
INSERT INTO gift_certificate (id, name, description, price, create_date, last_update_date, duration) VALUES ('6', 'Ut quos facere illum expedita aliquam totam facere.', 'Sed dolor aut maxime doloribus qui. Vel vel distinctio quasi officiis. Error numquam delectus ut voluptatem et tenetur expedita.', '592.11', '1988-03-22 19:43:48', '1986-04-03 06:27:44', 131);
INSERT INTO gift_certificate (id, name, description, price, create_date, last_update_date, duration) VALUES ('7', 'Natus nihil minima ut velit ut.', 'Animi dolores quis voluptatem aut aut. Vel aut dignissimos at. Voluptatem dolorem quia nisi reprehenderit quo et. Excepturi et perferendis laborum eos.', '248.85', '2016-01-16 16:47:35', '1974-01-30 08:35:28', 198);
INSERT INTO gift_certificate (id, name, description, price, create_date, last_update_date, duration) VALUES ('8', 'Repellat voluptate perferendis rerum corporis iste aut.', 'Est ducimus perspiciatis iure molestias quisquam sunt velit. Libero quam quo molestiae blanditiis laborum similique dolorum. Blanditiis nemo molestias aut nihil.', '933.70', '2013-06-25 17:11:05', '1997-10-08 08:36:49', 427);
INSERT INTO gift_certificate (id, name, description, price, create_date, last_update_date, duration) VALUES ('9', 'Cupiditate deserunt ab quidem delectus iste molestias qui.', 'Error repellendus delectus ipsa illum. Recusandae atque dolor sint nulla qui omnis. Voluptas voluptatem tenetur possimus doloribus beatae quasi.', '470.23', '1993-08-27 06:31:40', '1988-04-02 14:41:54', 171);
INSERT INTO gift_certificate (id, name, description, price, create_date, last_update_date, duration) VALUES ('10', 'Qui est fugiat voluptatem.', 'Aliquid dolorem consequatur sed debitis amet et. Placeat mollitia odit aut aliquam ipsam ratione. Inventore dolores consequuntur veritatis vero minus consequatur.', '411.24', '1988-05-17 10:52:46', '1979-05-14 12:46:42', 125);
INSERT INTO gift_certificate (id, name, description, price, create_date, last_update_date, duration) VALUES ('11', 'Ratione non vel cum ratione.', 'Unde quae aliquid optio corrupti voluptas. Qui quaerat et libero placeat tenetur repellat. Commodi quas soluta numquam quam inventore. Architecto et sed aut suscipit distinctio temporibus.', '496.71', '2010-04-02 14:03:26', '1974-05-24 06:23:57', 515);
INSERT INTO gift_certificate (id, name, description, price, create_date, last_update_date, duration) VALUES ('12', 'Quibusdam voluptatem quisquam ut nam rerum deleniti illo.', 'Excepturi odio recusandae incidunt aut. Dolores aut labore quisquam aliquid ut.', '126.23', '2007-11-24 14:33:50', '1971-04-20 19:14:01', 475);
INSERT INTO gift_certificate (id, name, description, price, create_date, last_update_date, duration) VALUES ('13', 'Consequatur sed sunt reprehenderit voluptatibus repellendus ratione.', 'Aut cupiditate sapiente quo soluta dolorum. Quaerat tempore asperiores iure animi et. Cupiditate temporibus ut et et architecto aut sit.', '801.06', '1999-12-14 11:42:15', '2017-08-22 23:48:10', 17);
INSERT INTO gift_certificate (id, name, description, price, create_date, last_update_date, duration) VALUES ('14', 'Corrupti hic assumenda ea rem aliquid sed dolorem.', 'Vel est beatae omnis facere illo. Libero ullam quo est optio et. Soluta vel reprehenderit quaerat assumenda excepturi consequuntur enim.', '610.88', '2015-08-16 16:15:04', '2015-11-15 22:59:28', 627);
INSERT INTO gift_certificate (id, name, description, price, create_date, last_update_date, duration) VALUES ('15', 'Numquam ad voluptate ex consequuntur qui quia.', 'Accusamus dolorem et quis et ab qui. Voluptas numquam rerum illo. Ea rem ut et qui voluptatem veniam similique natus.\nQuas voluptatem cum itaque ut. Velit ullam quod veniam illum.', '822.37', '1996-08-19 12:57:07', '1975-05-27 19:57:48', 489);
INSERT INTO gift_certificate (id, name, description, price, create_date, last_update_date, duration) VALUES ('16', 'Magnam pariatur qui necessitatibus est.', 'Ducimus veniam omnis deserunt blanditiis. Ut aspernatur illo alias id quia. Illo possimus quo dolor accusamus aspernatur.', '131.26', '2017-04-25 20:45:25', '1970-08-05 21:47:18', 20);
INSERT INTO gift_certificate (id, name, description, price, create_date, last_update_date, duration) VALUES ('17', 'Enim vel iure maiores esse voluptatem quasi qui.', 'Eum quis rerum et eos. Officiis nobis natus sed autem beatae repudiandae. Nesciunt id sint dolor porro fuga similique perspiciatis.', '192.70', '2016-05-19 07:15:53', '1998-12-20 07:34:48', 476);
INSERT INTO gift_certificate (id, name, description, price, create_date, last_update_date, duration) VALUES ('18', 'Minus est nam dolorem sequi.', 'Et totam nemo velit et. Quibusdam vero repellat enim magni qui. Quas ullam placeat ut sint animi commodi.', '918.12', '1990-06-21 00:58:14', '1989-02-01 04:54:24', 184);
INSERT INTO gift_certificate (id, name, description, price, create_date, last_update_date, duration) VALUES ('19', 'Perspiciatis sapiente sunt sunt minus.', 'Dicta iusto aut autem voluptatem. Velit iste nam sit earum quo qui tempore. Facilis sed repudiandae exercitationem ea voluptatem. Rerum tempore iste qui itaque qui.', '851.00', '1988-01-27 04:38:04', '1983-05-18 10:41:39', 485);
INSERT INTO gift_certificate (id, name, description, price, create_date, last_update_date, duration) VALUES ('20', 'Qui cumque iure commodi et et.', 'Ratione voluptatem similique ut odio qui. Quod commodi natus non minus. Excepturi saepe autem et ea quo.', '953.53', '2014-08-22 11:33:07', '1982-10-30 20:54:28', 574);
INSERT INTO gift_certificate (id, name, description, price, create_date, last_update_date, duration) VALUES ('21', 'Ducimus enim omnis ad sint velit.', 'Commodi non ea perferendis voluptatem dolorem ut. Ipsa quia fugiat dicta consequatur autem. Eius dicta quisquam voluptatem illo. Sunt et doloremque earum.', '271.00', '1982-11-18 15:25:36', '1990-06-24 01:23:08', 607);
INSERT INTO gift_certificate (id, name, description, price, create_date, last_update_date, duration) VALUES ('22', 'Rerum et sint aut est aut.', 'Totam aut vitae amet provident recusandae pariatur ea quidem. Vel mollitia fuga minus soluta explicabo quidem soluta. Ut corrupti minus laborum autem ut rerum. Nobis rerum nemo fugiat numquam.', '919.96', '1993-07-28 02:51:55', '2014-05-20 16:19:09', 28);
INSERT INTO gift_certificate (id, name, description, price, create_date, last_update_date, duration) VALUES ('23', 'Dignissimos quo fugiat eligendi veniam quos corrupti natus.', 'Sapiente et omnis laudantium voluptas quaerat temporibus possimus. Assumenda dolorem necessitatibus reprehenderit eligendi eum dolore. Nisi nulla sunt ab aut.', '347.06', '2003-09-10 06:02:53', '2010-11-11 22:19:23', 462);
INSERT INTO gift_certificate (id, name, description, price, create_date, last_update_date, duration) VALUES ('24', 'Aut vel consequatur corrupti quaerat ea voluptatem.', 'Dolore nihil minima asperiores quo. Non aut molestiae iure ad. Et eius assumenda sequi minima tenetur aut. Et velit expedita ex perspiciatis fugit.', '703.34', '1996-02-23 10:25:28', '1999-10-13 14:22:06', 26);
INSERT INTO gift_certificate (id, name, description, price, create_date, last_update_date, duration) VALUES ('25', 'Officia quia eum et laborum nemo ea.', 'In aut deserunt mollitia consequatur nesciunt. Labore ducimus dolor autem nemo voluptate placeat. Cum ut recusandae nostrum assumenda eaque et quidem esse. Nihil esse in possimus et.', '847.32', '1992-03-23 14:04:27', '2001-05-25 18:13:27', 98);
INSERT INTO gift_certificate (id, name, description, price, create_date, last_update_date, duration) VALUES ('26', 'Quam voluptate aut unde voluptatem quae rerum pariatur.', 'Dolorum voluptatem voluptas nesciunt. Ducimus cum omnis voluptatibus dicta alias consequatur qui. Velit voluptates blanditiis odio dolore ut veritatis omnis. Perferendis omnis consequatur atque.', '512.61', '1995-11-13 09:33:28', '1988-11-15 21:20:54', 585);
INSERT INTO gift_certificate (id, name, description, price, create_date, last_update_date, duration) VALUES ('27', 'Odit et quam nam autem non molestiae.', 'Voluptas sequi harum sequi optio. Reprehenderit praesentium sit ad ab. Possimus maiores aut itaque eveniet voluptatem. Dolorem qui officia temporibus.', '605.37', '2015-01-29 07:20:52', '2004-12-19 23:16:55', 225);
INSERT INTO gift_certificate (id, name, description, price, create_date, last_update_date, duration) VALUES ('28', 'Quidem suscipit eaque earum.', 'Perspiciatis itaque voluptatem assumenda voluptatibus voluptates. Eligendi quos nihil quod accusamus reiciendis. Labore repellat nesciunt debitis tenetur.', '382.53', '1977-07-26 15:25:40', '1986-10-11 15:23:20', 523);
INSERT INTO gift_certificate (id, name, description, price, create_date, last_update_date, duration) VALUES ('29', 'Et voluptatum adipisci ut tempora expedita molestiae quia.', 'Quo omnis nemo qui aperiam iste cumque ut omnis. Commodi et eum placeat rem.', '845.05', '2009-03-21 14:14:06', '1984-03-01 23:17:15', 414);
INSERT INTO gift_certificate (id, name, description, price, create_date, last_update_date, duration) VALUES ('30', 'Fugit aut libero error.', 'Consequuntur distinctio eos et qui omnis. Cum occaecati rerum alias dolor ut id hic a. Excepturi praesentium quis sit fugit quia optio.', '159.01', '1989-06-06 00:30:52', '2005-11-19 18:30:48', 278);
INSERT INTO gift_certificate (id, name, description, price, create_date, last_update_date, duration) VALUES ('31', 'Ipsum itaque ut nostrum vel quia eos vitae aperiam.', 'Repellendus nihil impedit autem ut. Blanditiis qui rerum natus aut sed tempora. Ut et itaque est vel quo et tempora quia.', '364.47', '1972-10-21 22:43:51', '2012-07-24 22:38:37', 124);
INSERT INTO gift_certificate (id, name, description, price, create_date, last_update_date, duration) VALUES ('32', 'Excepturi nam quasi ut necessitatibus vitae sunt totam voluptatem.', 'Natus est animi fuga odio explicabo ex. Voluptatum esse quis voluptatem a delectus. Aut dolor quaerat voluptate. Praesentium iure et earum nihil eaque.', '839.80', '2007-05-19 14:57:32', '1982-03-28 07:02:03', 382);
INSERT INTO gift_certificate (id, name, description, price, create_date, last_update_date, duration) VALUES ('33', 'Voluptas repudiandae recusandae voluptatem quidem voluptas.', 'Est qui unde voluptatum quam. Aut vero vel et qui. Voluptatem veritatis incidunt ea provident veritatis ex.', '213.10', '1987-11-19 09:12:24', '2011-03-15 14:04:54', 434);
INSERT INTO gift_certificate (id, name, description, price, create_date, last_update_date, duration) VALUES ('34', 'Adipisci debitis nobis consequatur sint et.', 'Rerum dolorem fugiat enim aut fuga beatae. Officiis qui sapiente aut aut. Beatae quasi rerum accusamus dolorem laudantium.', '385.92', '1989-02-11 00:49:37', '1995-07-25 14:33:57', 32);
INSERT INTO gift_certificate (id, name, description, price, create_date, last_update_date, duration) VALUES ('35', 'Est ipsam velit explicabo minus magni quia et.', 'Iure corporis voluptas in ducimus aut. Dicta impedit praesentium aut facilis aspernatur voluptatum. Rerum et fugit quia qui voluptatem iste ab in. Voluptatem sunt voluptas corporis asperiores.', '166.12', '1988-03-15 19:37:58', '1991-08-11 06:31:08', 563);
INSERT INTO gift_certificate (id, name, description, price, create_date, last_update_date, duration) VALUES ('36', 'Velit corporis quas aut molestias.', 'Similique numquam sint cupiditate natus. Autem nesciunt est dignissimos velit itaque tenetur at laborum. Voluptates voluptatem quos qui eum recusandae soluta.', '578.90', '2016-05-09 21:38:17', '1992-05-17 14:22:03', 49);
INSERT INTO gift_certificate (id, name, description, price, create_date, last_update_date, duration) VALUES ('37', 'Est sit veritatis enim pariatur suscipit ut.', 'Non at aliquid quasi. Tempora ullam inventore et deleniti. Quae eos ut sint reiciendis in molestiae magnam. Voluptas eum omnis ut similique dolorem qui.', '466.53', '1990-03-05 23:46:49', '2017-09-04 19:41:04', 134);
INSERT INTO gift_certificate (id, name, description, price, create_date, last_update_date, duration) VALUES ('38', 'Maxime cum consequuntur sit necessitatibus inventore fuga.', 'Consequatur blanditiis non atque animi aut sequi. Error eveniet quo velit eaque velit laboriosam. Et enim harum aut delectus reprehenderit est.', '183.62', '1984-11-05 14:54:50', '1984-07-03 02:39:12', 141);
INSERT INTO gift_certificate (id, name, description, price, create_date, last_update_date, duration) VALUES ('39', 'Aut facere aut ut.', 'Labore temporibus blanditiis aliquam quis nemo. Aut praesentium quos autem labore. Assumenda voluptatem eius aut est quos est.', '353.47', '1981-08-22 17:07:08', '2011-08-18 23:03:29', 59);
INSERT INTO gift_certificate (id, name, description, price, create_date, last_update_date, duration) VALUES ('40', 'Excepturi occaecati qui rerum qui.', 'Magni veniam voluptate hic consequatur odit quia at ad. Eius et doloremque atque ut fuga.', '868.15', '1973-08-31 01:23:25', '1976-09-27 06:26:29', 147);
INSERT INTO gift_certificate (id, name, description, price, create_date, last_update_date, duration) VALUES ('41', 'Ullam eius quam laboriosam quidem.', 'Error dolore commodi illum rerum. Debitis praesentium pariatur voluptates sequi consectetur id tempore. Ex quia ut nihil enim.\nSed veritatis ut enim magnam. Ipsam voluptatem quia sit.', '693.33', '1980-07-14 02:52:25', '2016-01-02 10:28:53', 696);
INSERT INTO gift_certificate (id, name, description, price, create_date, last_update_date, duration) VALUES ('42', 'Molestiae vel officia minus hic perspiciatis.', 'Velit nihil quis perspiciatis assumenda aut aut. Officiis non dolorem asperiores ea. Soluta et sed distinctio rerum quasi. Non sed nostrum tempora autem aut ea ipsa.', '716.57', '2000-04-20 10:15:31', '2014-06-20 23:29:12', 281);
INSERT INTO gift_certificate (id, name, description, price, create_date, last_update_date, duration) VALUES ('43', 'Natus adipisci voluptatem temporibus aut itaque necessitatibus rem.', 'Aut cumque voluptate impedit officia laudantium et. Ut quae ut id aliquam ipsa in enim. Occaecati omnis ut dolorem sunt. Amet quo architecto tempora eum quisquam.', '127.00', '1999-02-16 00:17:48', '1984-01-18 18:15:57', 633);
INSERT INTO gift_certificate (id, name, description, price, create_date, last_update_date, duration) VALUES ('44', 'Et voluptatem rerum laborum ea autem.', 'Omnis dolorum nostrum rem quia. Pariatur voluptas aut qui voluptate hic exercitationem natus. Cumque ut non ducimus laudantium aut. Occaecati iste est quae.', '632.23', '1983-03-07 07:23:46', '2008-05-30 06:18:04', 489);
INSERT INTO gift_certificate (id, name, description, price, create_date, last_update_date, duration) VALUES ('45', 'Eos est et hic quia.', 'Quis earum incidunt commodi sed voluptatum quisquam saepe. Excepturi ea provident quae doloribus. Non et aut ut voluptatibus nihil.', '762.54', '1973-08-26 09:55:40', '1995-10-13 06:13:41', 661);
INSERT INTO gift_certificate (id, name, description, price, create_date, last_update_date, duration) VALUES ('46', 'Et nesciunt nihil animi ut aliquid omnis.', 'Praesentium dolorem fugit dolorem incidunt. Fugiat facere totam corporis blanditiis dolor. Sed ratione sit aut iure possimus. Et rerum et qui amet culpa magnam.', '810.00', '2014-01-11 19:33:10', '2012-07-30 10:20:19', 249);
INSERT INTO gift_certificate (id, name, description, price, create_date, last_update_date, duration) VALUES ('47', 'Consequuntur quas unde eos iste reiciendis enim at.', 'Quas similique nisi aperiam. Et doloribus pariatur ut fugit quia.', '784.00', '1980-07-10 02:46:57', '2016-06-29 07:59:03', 622);
INSERT INTO gift_certificate (id, name, description, price, create_date, last_update_date, duration) VALUES ('48', 'Unde vel explicabo esse.', 'Sint placeat optio a nam sunt deleniti. Assumenda vel earum illo in veniam natus repellat. Explicabo atque dolorem atque rerum laborum.', '319.64', '2016-10-29 10:58:51', '1994-05-03 21:48:18', 561);
INSERT INTO gift_certificate (id, name, description, price, create_date, last_update_date, duration) VALUES ('49', 'Rerum sint quo voluptatum qui.', 'Voluptate ut hic cumque ipsa dignissimos tempore placeat quia. Est quis sit excepturi sequi et praesentium.', '756.86', '2011-10-01 19:04:07', '2018-08-25 20:05:15', 374);
INSERT INTO gift_certificate (id, name, description, price, create_date, last_update_date, duration) VALUES ('50', 'Tenetur occaecati rerum soluta necessitatibus quia odit.', 'Corrupti accusamus veniam sed ipsa. Ratione voluptas unde expedita. Tempora molestias fugit quod at. Quae consequatur est qui recusandae quos.', '463.03', '2000-05-31 20:02:27', '1995-02-20 15:31:30', 127);

INSERT INTO gift_certificate_has_tag (gift_certificate_id, tag_id) VALUES ('28', '15');
INSERT INTO gift_certificate_has_tag (gift_certificate_id, tag_id) VALUES ('12', '4');
INSERT INTO gift_certificate_has_tag (gift_certificate_id, tag_id) VALUES ('11', '11');
INSERT INTO gift_certificate_has_tag (gift_certificate_id, tag_id) VALUES ('43', '5');
INSERT INTO gift_certificate_has_tag (gift_certificate_id, tag_id) VALUES ('7', '14');
INSERT INTO gift_certificate_has_tag (gift_certificate_id, tag_id) VALUES ('23', '7');
INSERT INTO gift_certificate_has_tag (gift_certificate_id, tag_id) VALUES ('19', '12');
INSERT INTO gift_certificate_has_tag (gift_certificate_id, tag_id) VALUES ('16', '2');
INSERT INTO gift_certificate_has_tag (gift_certificate_id, tag_id) VALUES ('38', '19');
INSERT INTO gift_certificate_has_tag (gift_certificate_id, tag_id) VALUES ('2', '11');
INSERT INTO gift_certificate_has_tag (gift_certificate_id, tag_id) VALUES ('8', '19');
INSERT INTO gift_certificate_has_tag (gift_certificate_id, tag_id) VALUES ('20', '13');
INSERT INTO gift_certificate_has_tag (gift_certificate_id, tag_id) VALUES ('22', '8');
INSERT INTO gift_certificate_has_tag (gift_certificate_id, tag_id) VALUES ('27', '15');
INSERT INTO gift_certificate_has_tag (gift_certificate_id, tag_id) VALUES ('37', '9');
INSERT INTO gift_certificate_has_tag (gift_certificate_id, tag_id) VALUES ('25', '13');
INSERT INTO gift_certificate_has_tag (gift_certificate_id, tag_id) VALUES ('2', '14');
INSERT INTO gift_certificate_has_tag (gift_certificate_id, tag_id) VALUES ('35', '4');
INSERT INTO gift_certificate_has_tag (gift_certificate_id, tag_id) VALUES ('32', '11');
INSERT INTO gift_certificate_has_tag (gift_certificate_id, tag_id) VALUES ('30', '19');
INSERT INTO gift_certificate_has_tag (gift_certificate_id, tag_id) VALUES ('20', '2');
INSERT INTO gift_certificate_has_tag (gift_certificate_id, tag_id) VALUES ('7', '3');
INSERT INTO gift_certificate_has_tag (gift_certificate_id, tag_id) VALUES ('3', '4');
INSERT INTO gift_certificate_has_tag (gift_certificate_id, tag_id) VALUES ('7', '1');
INSERT INTO gift_certificate_has_tag (gift_certificate_id, tag_id) VALUES ('7', '4');
INSERT INTO gift_certificate_has_tag (gift_certificate_id, tag_id) VALUES ('16', '6');
INSERT INTO gift_certificate_has_tag (gift_certificate_id, tag_id) VALUES ('33', '18');
INSERT INTO gift_certificate_has_tag (gift_certificate_id, tag_id) VALUES ('46', '1');
INSERT INTO gift_certificate_has_tag (gift_certificate_id, tag_id) VALUES ('39', '9');
INSERT INTO gift_certificate_has_tag (gift_certificate_id, tag_id) VALUES ('13', '10');
INSERT INTO gift_certificate_has_tag (gift_certificate_id, tag_id) VALUES ('4', '16');
INSERT INTO gift_certificate_has_tag (gift_certificate_id, tag_id) VALUES ('5', '6');
INSERT INTO gift_certificate_has_tag (gift_certificate_id, tag_id) VALUES ('33', '1');
INSERT INTO gift_certificate_has_tag (gift_certificate_id, tag_id) VALUES ('18', '20');
INSERT INTO gift_certificate_has_tag (gift_certificate_id, tag_id) VALUES ('38', '7');
INSERT INTO gift_certificate_has_tag (gift_certificate_id, tag_id) VALUES ('30', '17');
INSERT INTO gift_certificate_has_tag (gift_certificate_id, tag_id) VALUES ('47', '17');
INSERT INTO gift_certificate_has_tag (gift_certificate_id, tag_id) VALUES ('26', '9');
INSERT INTO gift_certificate_has_tag (gift_certificate_id, tag_id) VALUES ('42', '17');
INSERT INTO gift_certificate_has_tag (gift_certificate_id, tag_id) VALUES ('7', '6');
INSERT INTO gift_certificate_has_tag (gift_certificate_id, tag_id) VALUES ('25', '19');
INSERT INTO gift_certificate_has_tag (gift_certificate_id, tag_id) VALUES ('41', '11');
INSERT INTO gift_certificate_has_tag (gift_certificate_id, tag_id) VALUES ('28', '16');
INSERT INTO gift_certificate_has_tag (gift_certificate_id, tag_id) VALUES ('45', '12');
INSERT INTO gift_certificate_has_tag (gift_certificate_id, tag_id) VALUES ('42', '13');
INSERT INTO gift_certificate_has_tag (gift_certificate_id, tag_id) VALUES ('49', '3');
INSERT INTO gift_certificate_has_tag (gift_certificate_id, tag_id) VALUES ('24', '8');
INSERT INTO gift_certificate_has_tag (gift_certificate_id, tag_id) VALUES ('45', '18');
INSERT INTO gift_certificate_has_tag (gift_certificate_id, tag_id) VALUES ('12', '11');
INSERT INTO gift_certificate_has_tag (gift_certificate_id, tag_id) VALUES ('37', '12');
INSERT INTO gift_certificate_has_tag (gift_certificate_id, tag_id) VALUES ('20', '16');
INSERT INTO gift_certificate_has_tag (gift_certificate_id, tag_id) VALUES ('19', '14');
INSERT INTO gift_certificate_has_tag (gift_certificate_id, tag_id) VALUES ('9', '16');
INSERT INTO gift_certificate_has_tag (gift_certificate_id, tag_id) VALUES ('2', '5');
INSERT INTO gift_certificate_has_tag (gift_certificate_id, tag_id) VALUES ('18', '1');
INSERT INTO gift_certificate_has_tag (gift_certificate_id, tag_id) VALUES ('47', '1');
INSERT INTO gift_certificate_has_tag (gift_certificate_id, tag_id) VALUES ('16', '13');
INSERT INTO gift_certificate_has_tag (gift_certificate_id, tag_id) VALUES ('45', '5');
INSERT INTO gift_certificate_has_tag (gift_certificate_id, tag_id) VALUES ('28', '20');
INSERT INTO gift_certificate_has_tag (gift_certificate_id, tag_id) VALUES ('32', '7');
INSERT INTO gift_certificate_has_tag (gift_certificate_id, tag_id) VALUES ('39', '14');
INSERT INTO gift_certificate_has_tag (gift_certificate_id, tag_id) VALUES ('35', '3');
INSERT INTO gift_certificate_has_tag (gift_certificate_id, tag_id) VALUES ('18', '18');
INSERT INTO gift_certificate_has_tag (gift_certificate_id, tag_id) VALUES ('28', '5');
INSERT INTO gift_certificate_has_tag (gift_certificate_id, tag_id) VALUES ('3', '3');
INSERT INTO gift_certificate_has_tag (gift_certificate_id, tag_id) VALUES ('2', '10');
INSERT INTO gift_certificate_has_tag (gift_certificate_id, tag_id) VALUES ('49', '8');
INSERT INTO gift_certificate_has_tag (gift_certificate_id, tag_id) VALUES ('9', '9');
INSERT INTO gift_certificate_has_tag (gift_certificate_id, tag_id) VALUES ('19', '10');
INSERT INTO gift_certificate_has_tag (gift_certificate_id, tag_id) VALUES ('3', '14');
INSERT INTO gift_certificate_has_tag (gift_certificate_id, tag_id) VALUES ('34', '18');
INSERT INTO gift_certificate_has_tag (gift_certificate_id, tag_id) VALUES ('29', '2');
INSERT INTO gift_certificate_has_tag (gift_certificate_id, tag_id) VALUES ('33', '4');
INSERT INTO gift_certificate_has_tag (gift_certificate_id, tag_id) VALUES ('5', '8');
INSERT INTO gift_certificate_has_tag (gift_certificate_id, tag_id) VALUES ('37', '10');
INSERT INTO gift_certificate_has_tag (gift_certificate_id, tag_id) VALUES ('48', '17');
INSERT INTO gift_certificate_has_tag (gift_certificate_id, tag_id) VALUES ('23', '8');
INSERT INTO gift_certificate_has_tag (gift_certificate_id, tag_id) VALUES ('27', '16');
INSERT INTO gift_certificate_has_tag (gift_certificate_id, tag_id) VALUES ('6', '1');
INSERT INTO gift_certificate_has_tag (gift_certificate_id, tag_id) VALUES ('3', '12');
INSERT INTO gift_certificate_has_tag (gift_certificate_id, tag_id) VALUES ('46', '11');
INSERT INTO gift_certificate_has_tag (gift_certificate_id, tag_id) VALUES ('34', '17');
INSERT INTO gift_certificate_has_tag (gift_certificate_id, tag_id) VALUES ('16', '18');
INSERT INTO gift_certificate_has_tag (gift_certificate_id, tag_id) VALUES ('14', '19');
INSERT INTO gift_certificate_has_tag (gift_certificate_id, tag_id) VALUES ('9', '7');
INSERT INTO gift_certificate_has_tag (gift_certificate_id, tag_id) VALUES ('3', '9');
INSERT INTO gift_certificate_has_tag (gift_certificate_id, tag_id) VALUES ('20', '17');
INSERT INTO gift_certificate_has_tag (gift_certificate_id, tag_id) VALUES ('40', '15');
INSERT INTO gift_certificate_has_tag (gift_certificate_id, tag_id) VALUES ('13', '20');
INSERT INTO gift_certificate_has_tag (gift_certificate_id, tag_id) VALUES ('28', '6');
INSERT INTO gift_certificate_has_tag (gift_certificate_id, tag_id) VALUES ('11', '4');
INSERT INTO gift_certificate_has_tag (gift_certificate_id, tag_id) VALUES ('50', '19');
INSERT INTO gift_certificate_has_tag (gift_certificate_id, tag_id) VALUES ('32', '15');
INSERT INTO gift_certificate_has_tag (gift_certificate_id, tag_id) VALUES ('41', '12');
INSERT INTO gift_certificate_has_tag (gift_certificate_id, tag_id) VALUES ('5', '7');
INSERT INTO gift_certificate_has_tag (gift_certificate_id, tag_id) VALUES ('28', '19');
INSERT INTO gift_certificate_has_tag (gift_certificate_id, tag_id) VALUES ('42', '5');
INSERT INTO gift_certificate_has_tag (gift_certificate_id, tag_id) VALUES ('47', '18');
INSERT INTO gift_certificate_has_tag (gift_certificate_id, tag_id) VALUES ('4', '14');
INSERT INTO gift_certificate_has_tag (gift_certificate_id, tag_id) VALUES ('13', '17');

INSERT INTO order_has_gift_certificate (order_id, gift_certificate_id) VALUES ('16', '40');
INSERT INTO order_has_gift_certificate (order_id, gift_certificate_id) VALUES ('11', '19');
INSERT INTO order_has_gift_certificate (order_id, gift_certificate_id) VALUES ('15', '2');
INSERT INTO order_has_gift_certificate (order_id, gift_certificate_id) VALUES ('12', '37');
INSERT INTO order_has_gift_certificate (order_id, gift_certificate_id) VALUES ('3', '6');
INSERT INTO order_has_gift_certificate (order_id, gift_certificate_id) VALUES ('19', '23');
INSERT INTO order_has_gift_certificate (order_id, gift_certificate_id) VALUES ('4', '23');
INSERT INTO order_has_gift_certificate (order_id, gift_certificate_id) VALUES ('4', '26');
INSERT INTO order_has_gift_certificate (order_id, gift_certificate_id) VALUES ('6', '43');
INSERT INTO order_has_gift_certificate (order_id, gift_certificate_id) VALUES ('18', '20');
INSERT INTO order_has_gift_certificate (order_id, gift_certificate_id) VALUES ('12', '30');
INSERT INTO order_has_gift_certificate (order_id, gift_certificate_id) VALUES ('19', '45');
INSERT INTO order_has_gift_certificate (order_id, gift_certificate_id) VALUES ('13', '44');
INSERT INTO order_has_gift_certificate (order_id, gift_certificate_id) VALUES ('16', '4');
INSERT INTO order_has_gift_certificate (order_id, gift_certificate_id) VALUES ('8', '16');
INSERT INTO order_has_gift_certificate (order_id, gift_certificate_id) VALUES ('8', '9');
INSERT INTO order_has_gift_certificate (order_id, gift_certificate_id) VALUES ('20', '48');
INSERT INTO order_has_gift_certificate (order_id, gift_certificate_id) VALUES ('8', '47');
INSERT INTO order_has_gift_certificate (order_id, gift_certificate_id) VALUES ('19', '39');
INSERT INTO order_has_gift_certificate (order_id, gift_certificate_id) VALUES ('10', '15');
INSERT INTO order_has_gift_certificate (order_id, gift_certificate_id) VALUES ('15', '27');
INSERT INTO order_has_gift_certificate (order_id, gift_certificate_id) VALUES ('14', '19');
INSERT INTO order_has_gift_certificate (order_id, gift_certificate_id) VALUES ('3', '31');
INSERT INTO order_has_gift_certificate (order_id, gift_certificate_id) VALUES ('1', '35');
INSERT INTO order_has_gift_certificate (order_id, gift_certificate_id) VALUES ('12', '9');
INSERT INTO order_has_gift_certificate (order_id, gift_certificate_id) VALUES ('8', '45');
INSERT INTO order_has_gift_certificate (order_id, gift_certificate_id) VALUES ('19', '10');
INSERT INTO order_has_gift_certificate (order_id, gift_certificate_id) VALUES ('12', '47');
INSERT INTO order_has_gift_certificate (order_id, gift_certificate_id) VALUES ('15', '19');
INSERT INTO order_has_gift_certificate (order_id, gift_certificate_id) VALUES ('7', '9');
INSERT INTO order_has_gift_certificate (order_id, gift_certificate_id) VALUES ('18', '6');
INSERT INTO order_has_gift_certificate (order_id, gift_certificate_id) VALUES ('1', '42');
INSERT INTO order_has_gift_certificate (order_id, gift_certificate_id) VALUES ('15', '39');
INSERT INTO order_has_gift_certificate (order_id, gift_certificate_id) VALUES ('5', '14');
INSERT INTO order_has_gift_certificate (order_id, gift_certificate_id) VALUES ('14', '4');
INSERT INTO order_has_gift_certificate (order_id, gift_certificate_id) VALUES ('7', '27');
INSERT INTO order_has_gift_certificate (order_id, gift_certificate_id) VALUES ('6', '38');
INSERT INTO order_has_gift_certificate (order_id, gift_certificate_id) VALUES ('4', '47');
INSERT INTO order_has_gift_certificate (order_id, gift_certificate_id) VALUES ('4', '18');
INSERT INTO order_has_gift_certificate (order_id, gift_certificate_id) VALUES ('7', '23');
INSERT INTO order_has_gift_certificate (order_id, gift_certificate_id) VALUES ('8', '16');
INSERT INTO order_has_gift_certificate (order_id, gift_certificate_id) VALUES ('19', '1');
INSERT INTO order_has_gift_certificate (order_id, gift_certificate_id) VALUES ('7', '19');
INSERT INTO order_has_gift_certificate (order_id, gift_certificate_id) VALUES ('20', '20');
INSERT INTO order_has_gift_certificate (order_id, gift_certificate_id) VALUES ('4', '2');
INSERT INTO order_has_gift_certificate (order_id, gift_certificate_id) VALUES ('10', '45');
INSERT INTO order_has_gift_certificate (order_id, gift_certificate_id) VALUES ('1', '20');
INSERT INTO order_has_gift_certificate (order_id, gift_certificate_id) VALUES ('16', '1');
INSERT INTO order_has_gift_certificate (order_id, gift_certificate_id) VALUES ('15', '46');
INSERT INTO order_has_gift_certificate (order_id, gift_certificate_id) VALUES ('18', '5');
INSERT INTO order_has_gift_certificate (order_id, gift_certificate_id) VALUES ('13', '8');
INSERT INTO order_has_gift_certificate (order_id, gift_certificate_id) VALUES ('12', '24');
INSERT INTO order_has_gift_certificate (order_id, gift_certificate_id) VALUES ('9', '50');
INSERT INTO order_has_gift_certificate (order_id, gift_certificate_id) VALUES ('6', '16');
INSERT INTO order_has_gift_certificate (order_id, gift_certificate_id) VALUES ('4', '5');
INSERT INTO order_has_gift_certificate (order_id, gift_certificate_id) VALUES ('4', '40');
INSERT INTO order_has_gift_certificate (order_id, gift_certificate_id) VALUES ('14', '36');
INSERT INTO order_has_gift_certificate (order_id, gift_certificate_id) VALUES ('18', '28');
INSERT INTO order_has_gift_certificate (order_id, gift_certificate_id) VALUES ('1', '3');
INSERT INTO order_has_gift_certificate (order_id, gift_certificate_id) VALUES ('5', '21');